Workbook

Sheet Legend
A1: DonorLink usability study - Observation sheet (Workbook A)
A3: Data entry during sessions. Blank template: participant IDs P01-P08 and task IDs are pre-listed; every value is empty. No fabricated data.
A5: 1. Sessions: one row per participant. Record consent FIRST. Use the anonymous ID only (P01...). No names, phone numbers, e-mail addresses or faces.
A6: 2. Observations: one row per participant x task (pre-listed). Pick the outcome from the drop-down; enter start/end times or a stopwatch value; count errors, recoveries, assists.
A7: 3. SUS: enter each participant's ten answers (1-5). The score is calculated for you.
A8: 4. Log problems in issue-log.xlsx (Issue ID there; reference it in column 'Issue ID').
A9: 5. To analyse: copy the Sessions, Observations and SUS sheets (whole sheet, values) into results-analysis.xlsx - the layouts are identical on purpose.
A10: Outcome definitions (PDF Appendix C.3): unaided = no hint; assisted = one neutral hint after 60 s stuck or asked twice; abandoned = gave up or not finished in 3 min; application-blocked = a defect, not the design, stopped the task.
A11: Error = any action that leaves the success path (wrong tab, wrong button, invalid submission). Recovery = returning to the path without help.
A13: Colour key
A14: Pale yellow, blue text = you type here
A15: Grey-blue, black text = formula, do not type here
... A18: Participant P99 | Task T2 | Completed unaided | start 00:00:00 end 00:01:12 | errors 1 | recoveries 1 | assists 0 | hesitation Y | SEQ 6 | quote: "where do I say it is for my uncle?"

Sheet Sessions
A1: Participant ID | B1: Session date | C1: Environment | D1: Device model + OS version | E1: App build / commit | F1: Viewport / screen | G1: Backend used | H1: Age band | I1: Smartphone use | J1: Has donated blood? (Y/N) | K1: Has searched for blood for someone? (Y/N) | L1: Used M02 Figma prototype? (Y/N) | M1: Group member? (Y/N) | N1: Consent to take part | O1: Consent to screen recording | P1: Facilitator (initials) | Q1: Note-taker (initials) | R1: Participant category (auto) | S1: Eligibility check (auto) | T1: Session notes
A2: P01 | R2: =IF(A2="","",IF(AND(J2="Y",K2="Y"),"Donor + searcher",IF(J2="Y","Donor",IF(K2="Y","Searcher","Neither")))) | S2: =IF(A2="","",IF(N2<>"Yes","NO CONSENT - do not use data",IF(M2="Y","GROUP MEMBER - exclude",IF(L2="Y","Prior prototype exposure","OK"))))
A3: P02 | R3: =IF(A3="","",IF(AND(J3="Y",K3="Y"),"Donor + searcher",IF(J3="Y","Donor",IF(K3="Y","Searcher","Neither")))) | S3: =IF(A3="","",IF(N3<>"Yes","NO CONSENT - do not use data",IF(M3="Y","GROUP MEMBER - exclude",IF(L3="Y","Prior prototype exposure","OK"))))
A4: P03 | R4: =IF(A4="","",IF(AND(J4="Y",K4="Y"),"Donor + searcher",IF(J4="Y","Donor",IF(K4="Y","Searcher","Neither")))) | S4: =IF(A4="","",IF(N4<>"Yes","NO CONSENT - do not use data",IF(M4="Y","GROUP MEMBER - exclude",IF(L4="Y","Prior prototype exposure","OK"))))
A5: P04 | R5: =IF(A5="","",IF(AND(J5="Y",K5="Y"),"Donor + searcher",IF(J5="Y","Donor",IF(K5="Y","Searcher","Neither")))) | S5: =IF(A5="","",IF(N5<>"Yes","NO CONSENT - do not use data",IF(M5="Y","GROUP MEMBER - exclude",IF(L5="Y","Prior prototype exposure","OK"))))
A6: P05 | R6: =IF(A6="","",IF(AND(J6="Y",K6="Y"),"Donor + searcher",IF(J6="Y","Donor",IF(K6="Y","Searcher","Neither")))) | S6: =IF(A6="","",IF(N6<>"Yes","NO CONSENT - do not use data",IF(M6="Y","GROUP MEMBER - exclude",IF(L6="Y","Prior prototype exposure","OK"))))
A7: P06 | R7: =IF(A7="","",IF(AND(J7="Y",K7="Y"),"Donor + searcher",IF(J7="Y","Donor",IF(K7="Y","Searcher","Neither")))) | S7: =IF(A7="","",IF(N7<>"Yes","NO CONSENT - do not use data",IF(M7="Y","GROUP MEMBER - exclude",IF(L7="Y","Prior prototype exposure","OK"))))
A8: P07 | R8: =IF(A8="","",IF(AND(J8="Y",K8="Y"),"Donor + searcher",IF(J8="Y","Donor",IF(K8="Y","Searcher","Neither")))) | S8: =IF(A8="","",IF(N8<>"Yes","NO CONSENT - do not use data",IF(M8="Y","GROUP MEMBER - exclude",IF(L8="Y","Prior prototype exposure","OK"))))
A9: P08 | R9: =IF(A9="","",IF(AND(J9="Y",K9="Y"),"Donor + searcher",IF(J9="Y","Donor",IF(K9="Y","Searcher","Neither")))) | S9: =IF(A9="","",IF(N9<>"Yes","NO CONSENT - do not use data",IF(M9="Y","GROUP MEMBER - exclude",IF(L9="Y","Prior prototype exposure","OK"))))
R10: =IF(A10="","",IF(AND(J10="Y",K10="Y"),"Donor + searcher",IF(J10="Y","Donor",IF(K10="Y","Searcher","Neither")))) | S10: =IF(A10="","",IF(N10<>"Yes","NO CONSENT - do not use data",IF(M10="Y","GROUP MEMBER - exclude",IF(L10="Y","Prior prototype exposure","OK"))))
R11: =IF(A11="","",IF(AND(J11="Y",K11="Y"),"Donor + searcher",IF(J11="Y","Donor",IF(K11="Y","Searcher","Neither")))) | S11: =IF(A11="","",IF(N11<>"Yes","NO CONSENT - do not use data",IF(M11="Y","GROUP MEMBER - exclude",IF(L11="Y","Prior prototype exposure","OK"))))
R12: =IF(A12="","",IF(AND(J12="Y",K12="Y"),"Donor + searcher",IF(J12="Y","Donor",IF(K12="Y","Searcher","Neither")))) | S12: =IF(A12="","",IF(N12<>"Yes","NO CONSENT - do not use data",IF(M12="Y","GROUP MEMBER - exclude",IF(L12="Y","Prior prototype exposure","OK"))))
R13: =IF(A13="","",IF(AND(J13="Y",K13="Y"),"Donor + searcher",IF(J13="Y","Donor",IF(K13="Y","Searcher","Neither")))) | S13: =IF(A13="","",IF(N13<>"Yes","NO CONSENT - do not use data",IF(M13="Y","GROUP MEMBER - exclude",IF(L13="Y","Prior prototype exposure","OK"))))
R14: =IF(A14="","",IF(AND(J14="Y",K14="Y"),"Donor + searcher",IF(J14="Y","Donor",IF(K14="Y","Searcher","Neither")))) | S14: =IF(A14="","",IF(N14<>"Yes","NO CONSENT - do not use data",IF(M14="Y","GROUP MEMBER - exclude",IF(L14="Y","Prior prototype exposure","OK"))))
R15: =IF(A15="","",IF(AND(J15="Y",K15="Y"),"Donor + searcher",IF(J15="Y","Donor",IF(K15="Y","Searcher","Neither")))) | S15: =IF(A15="","",IF(N15<>"Yes","NO CONSENT - do not use data",IF(M15="Y","GROUP MEMBER - exclude",IF(L15="Y","Prior prototype exposure","OK"))))
R16: =IF(A16="","",IF(AND(J16="Y",K16="Y"),"Donor + searcher",IF(J16="Y","Donor",IF(K16="Y","Searcher","Neither")))) | S16: =IF(A16="","",IF(N16<>"Yes","NO CONSENT - do not use data",IF(M16="Y","GROUP MEMBER - exclude",IF(L16="Y","Prior prototype exposure","OK"))))

Sheet Observations
A1: Participant ID | B1: Participant category (auto) | C1: Task ID | D1: Task title (auto) | E1: Task outcome | F1: Start time (hh:mm:ss) | G1: End time (hh:mm:ss) | H1: Elapsed s (auto from start/end) | I1: Manual time s (if no start/end) | J1: Time used s (auto) | K1: Errors (off-path actions / wrong taps) | L1: Recoveries (back on path unaided) | M1: Assists given (count) | N1: Hesitation >5 s? (Y/N) | O1: Assistance given (what was said) | P1: SEQ (1-7) | Q1: Think-aloud / quotes | R1: Application or environment issue | S1: Issue ID (issue-log) | T1: Screenshot / recording ref | U1: Facilitator notes
A2: P01 | B2: =IF(A2="","",IFERROR(INDEX(Sessions!$R$2:$R$16,MATCH(A2,Sessions!$A$2:$A$16,0)),"?")) | C2: T1 | D2: =IF(C2="","",IFERROR(INDEX(Tasks!$B$2:$B$7,MATCH(C2,Tasks!$A$2:$A$7,0)),"?")) | H2: =IF(AND(ISNUMBER(F2),ISNUMBER(G2)),ROUND((G2-F2)*86400,0),"") | J2: =IF(ISNUMBER(I2),I2,IF(ISNUMBER(H2),H2,""))
A3: P01 | B3: =IF(A3="","",IFERROR(INDEX(Sessions!$R$2:$R$16,MATCH(A3,Sessions!$A$2:$A$16,0)),"?")) | C3: T2 | D3: =IF(C3="","",IFERROR(INDEX(Tasks!$B$2:$B$7,MATCH(C3,Tasks!$A$2:$A$7,0)),"?")) | H3: =IF(AND(ISNUMBER(F3),ISNUMBER(G3)),ROUND((G3-F3)*86400,0),"") | J3: =IF(ISNUMBER(I3),I3,IF(ISNUMBER(H3),H3,""))
A4: P01 | B4: =IF(A4="","",IFERROR(INDEX(Sessions!$R$2:$R$16,MATCH(A4,Sessions!$A$2:$A$16,0)),"?")) | C4: T3 | D4: =IF(C4="","",IFERROR(INDEX(Tasks!$B$2:$B$7,MATCH(C4,Tasks!$A$2:$A$7,0)),"?")) | H4: =IF(AND(ISNUMBER(F4),ISNUMBER(G4)),ROUND((G4-F4)*86400,0),"") | J4: =IF(ISNUMBER(I4),I4,IF(ISNUMBER(H4),H4,""))
A5: P01 | B5: =IF(A5="","",IFERROR(INDEX(Sessions!$R$2:$R$16,MATCH(A5,Sessions!$A$2:$A$16,0)),"?")) | C5: T4 | D5: =IF(C5="","",IFERROR(INDEX(Tasks!$B$2:$B$7,MATCH(C5,Tasks!$A$2:$A$7,0)),"?")) | H5: =IF(AND(ISNUMBER(F5),ISNUMBER(G5)),ROUND((G5-F5)*86400,0),"") | J5: =IF(ISNUMBER(I5),I5,IF(ISNUMBER(H5),H5,""))
A6: P01 | B6: =IF(A6="","",IFERROR(INDEX(Sessions!$R$2:$R$16,MATCH(A6,Sessions!$A$2:$A$16,0)),"?")) | C6: T5 | D6: =IF(C6="","",IFERROR(INDEX(Tasks!$B$2:$B$7,MATCH(C6,Tasks!$A$2:$A$7,0)),"?")) | H6: =IF(AND(ISNUMBER(F6),ISNUMBER(G6)),ROUND((G6-F6)*86400,0),"") | J6: =IF(ISNUMBER(I6),I6,IF(ISNUMBER(H6),H6,""))
A7: P01 | B7: =IF(A7="","",IFERROR(INDEX(Sessions!$R$2:$R$16,MATCH(A7,Sessions!$A$2:$A$16,0)),"?")) | C7: T6 | D7: =IF(C7="","",IFERROR(INDEX(Tasks!$B$2:$B$7,MATCH(C7,Tasks!$A$2:$A$7,0)),"?")) | H7: =IF(AND(ISNUMBER(F7),ISNUMBER(G7)),ROUND((G7-F7)*86400,0),"") | J7: =IF(ISNUMBER(I7),I7,IF(ISNUMBER(H7),H7,""))
A8: P02 | B8: =IF(A8="","",IFERROR(INDEX(Sessions!$R$2:$R$16,MATCH(A8,Sessions!$A$2:$A$16,0)),"?")) | C8: T1 | D8: =IF(C8="","",IFERROR(INDEX(Tasks!$B$2:$B$7,MATCH(C8,Tasks!$A$2:$A$7,0)),"?")) | H8: =IF(AND(ISNUMBER(F8),ISNUMBER(G8)),ROUND((G8-F8)*86400,0),"") | J8: =IF(ISNUMBER(I8),I8,IF(ISNUMBER(H8),H8,""))
A9: P02 | B9: =IF(A9="","",IFERROR(INDEX(Sessions!$R$2:$R$16,MATCH(A9,Sessions!$A$2:$A$16,0)),"?")) | C9: T2 | D9: =IF(C9="","",IFERROR(INDEX(Tasks!$B$2:$B$7,MATCH(C9,Tasks!$A$2:$A$7,0)),"?")) | H9: =IF(AND(ISNUMBER(F9),ISNUMBER(G9)),ROUND((G9-F9)*86400,0),"") | J9: =IF(ISNUMBER(I9),I9,IF(ISNUMBER(H9),H9,""))
A10: P02 | B10: =IF(A10="","",IFERROR(INDEX(Sessions!$R$2:$R$16,MATCH(A10,Sessions!$A$2:$A$16,0)),"?")) | C10: T3 | D10: =IF(C10="","",IFERROR(INDEX(Tasks!$B$2:$B$7,MATCH(C10,Tasks!$A$2:$A$7,0)),"?")) | H10: =IF(AND(ISNUMBER(F10),ISNUMBER(G10)),ROUND((G10-F10)*86400,0),"") | J10: =IF(ISNUMBER(I10),I10,IF(ISNUMBER(H10),H10,""))
A11: P02 | B11: =IF(A11="","",IFERROR(INDEX(Sessions!$R$2:$R$16,MATCH(A11,Sessions!$A$2:$A$16,0)),"?")) | C11: T4 | D11: =IF(C11="","",IFERROR(INDEX(Tasks!$B$2:$B$7,MATCH(C11,Tasks!$A$2:$A$7,0)),"?")) | H11: =IF(AND(ISNUMBER(F11),ISNUMBER(G11)),ROUND((G11-F11)*86400,0),"") | J11: =IF(ISNUMBER(I11),I11,IF(ISNUMBER(H11),H11,""))
A12: P02 | B12: =IF(A12="","",IFERROR(INDEX(Sessions!$R$2:$R$16,MATCH(A12,Sessions!$A$2:$A$16,0)),"?")) | C12: T5 | D12: =IF(C12="","",IFERROR(INDEX(Tasks!$B$2:$B$7,MATCH(C12,Tasks!$A$2:$A$7,0)),"?")) | H12: =IF(AND(ISNUMBER(F12),ISNUMBER(G12)),ROUND((G12-F12)*86400,0),"") | J12: =IF(ISNUMBER(I12),I12,IF(ISNUMBER(H12),H12,""))
A13: P02 | B13: =IF(A13="","",IFERROR(INDEX(Sessions!$R$2:$R$16,MATCH(A13,Sessions!$A$2:$A$16,0)),"?")) | C13: T6 | D13: =IF(C13="","",IFERROR(INDEX(Tasks!$B$2:$B$7,MATCH(C13,Tasks!$A$2:$A$7,0)),"?")) | H13: =IF(AND(ISNUMBER(F13),ISNUMBER(G13)),ROUND((G13-F13)*86400,0),"") | J13: =IF(ISNUMBER(I13),I13,IF(ISNUMBER(H13),H13,""))
... A49: P08 | B49: =IF(A49="","",IFERROR(INDEX(Sessions!$R$2:$R$16,MATCH(A49,Sessions!$A$2:$A$16,0)),"?")) | C49: T6 | D49: =IF(C49="","",IFERROR(INDEX(Tasks!$B$2:$B$7,MATCH(C49,Tasks!$A$2:$A$7,0)),"?")) | H49: =IF(AND(ISNUMBER(F49),ISNUMBER(G49)),ROUND((G49-F49)*86400,0),"") | J49: =IF(ISNUMBER(I49),I49,IF(ISNUMBER(H49),H49,""))
B50: =IF(A50="","",IFERROR(INDEX(Sessions!$R$2:$R$16,MATCH(A50,Sessions!$A$2:$A$16,0)),"?")) | D50: =IF(C50="","",IFERROR(INDEX(Tasks!$B$2:$B$7,MATCH(C50,Tasks!$A$2:$A$7,0)),"?")) | H50: =IF(AND(ISNUMBER(F50),ISNUMBER(G50)),ROUND((G50-F50)*86400,0),"") | J50: =IF(ISNUMBER(I50),I50,IF(ISNUMBER(H50),H50,""))
B51: =IF(A51="","",IFERROR(INDEX(Sessions!$R$2:$R$16,MATCH(A51,Sessions!$A$2:$A$16,0)),"?")) | D51: =IF(C51="","",IFERROR(INDEX(Tasks!$B$2:$B$7,MATCH(C51,Tasks!$A$2:$A$7,0)),"?")) | H51: =IF(AND(ISNUMBER(F51),ISNUMBER(G51)),ROUND((G51-F51)*86400,0),"") | J51: =IF(ISNUMBER(I51),I51,IF(ISNUMBER(H51),H51,""))
B52: =IF(A52="","",IFERROR(INDEX(Sessions!$R$2:$R$16,MATCH(A52,Sessions!$A$2:$A$16,0)),"?")) | D52: =IF(C52="","",IFERROR(INDEX(Tasks!$B$2:$B$7,MATCH(C52,Tasks!$A$2:$A$7,0)),"?")) | H52: =IF(AND(ISNUMBER(F52),ISNUMBER(G52)),ROUND((G52-F52)*86400,0),"") | J52: =IF(ISNUMBER(I52),I52,IF(ISNUMBER(H52),H52,""))
B53: =IF(A53="","",IFERROR(INDEX(Sessions!$R$2:$R$16,MATCH(A53,Sessions!$A$2:$A$16,0)),"?")) | D53: =IF(C53="","",IFERROR(INDEX(Tasks!$B$2:$B$7,MATCH(C53,Tasks!$A$2:$A$7,0)),"?")) | H53: =IF(AND(ISNUMBER(F53),ISNUMBER(G53)),ROUND((G53-F53)*86400,0),"") | J53: =IF(ISNUMBER(I53),I53,IF(ISNUMBER(H53),H53,""))
B54: =IF(A54="","",IFERROR(INDEX(Sessions!$R$2:$R$16,MATCH(A54,Sessions!$A$2:$A$16,0)),"?")) | D54: =IF(C54="","",IFERROR(INDEX(Tasks!$B$2:$B$7,MATCH(C54,Tasks!$A$2:$A$7,0)),"?")) | H54: =IF(AND(ISNUMBER(F54),ISNUMBER(G54)),ROUND((G54-F54)*86400,0),"") | J54: =IF(ISNUMBER(I54),I54,IF(ISNUMBER(H54),H54,""))
B55: =IF(A55="","",IFERROR(INDEX(Sessions!$R$2:$R$16,MATCH(A55,Sessions!$A$2:$A$16,0)),"?")) | D55: =IF(C55="","",IFERROR(INDEX(Tasks!$B$2:$B$7,MATCH(C55,Tasks!$A$2:$A$7,0)),"?")) | H55: =IF(AND(ISNUMBER(F55),ISNUMBER(G55)),ROUND((G55-F55)*86400,0),"") | J55: =IF(ISNUMBER(I55),I55,IF(ISNUMBER(H55),H55,""))
B56: =IF(A56="","",IFERROR(INDEX(Sessions!$R$2:$R$16,MATCH(A56,Sessions!$A$2:$A$16,0)),"?")) | D56: =IF(C56="","",IFERROR(INDEX(Tasks!$B$2:$B$7,MATCH(C56,Tasks!$A$2:$A$7,0)),"?")) | H56: =IF(AND(ISNUMBER(F56),ISNUMBER(G56)),ROUND((G56-F56)*86400,0),"") | J56: =IF(ISNUMBER(I56),I56,IF(ISNUMBER(H56),H56,""))
B57: =IF(A57="","",IFERROR(INDEX(Sessions!$R$2:$R$16,MATCH(A57,Sessions!$A$2:$A$16,0)),"?")) | D57: =IF(C57="","",IFERROR(INDEX(Tasks!$B$2:$B$7,MATCH(C57,Tasks!$A$2:$A$7,0)),"?")) | H57: =IF(AND(ISNUMBER(F57),ISNUMBER(G57)),ROUND((G57-F57)*86400,0),"") | J57: =IF(ISNUMBER(I57),I57,IF(ISNUMBER(H57),H57,""))
B58: =IF(A58="","",IFERROR(INDEX(Sessions!$R$2:$R$16,MATCH(A58,Sessions!$A$2:$A$16,0)),"?")) | D58: =IF(C58="","",IFERROR(INDEX(Tasks!$B$2:$B$7,MATCH(C58,Tasks!$A$2:$A$7,0)),"?")) | H58: =IF(AND(ISNUMBER(F58),ISNUMBER(G58)),ROUND((G58-F58)*86400,0),"") | J58: =IF(ISNUMBER(I58),I58,IF(ISNUMBER(H58),H58,""))
B59: =IF(A59="","",IFERROR(INDEX(Sessions!$R$2:$R$16,MATCH(A59,Sessions!$A$2:$A$16,0)),"?")) | D59: =IF(C59="","",IFERROR(INDEX(Tasks!$B$2:$B$7,MATCH(C59,Tasks!$A$2:$A$7,0)),"?")) | H59: =IF(AND(ISNUMBER(F59),ISNUMBER(G59)),ROUND((G59-F59)*86400,0),"") | J59: =IF(ISNUMBER(I59),I59,IF(ISNUMBER(H59),H59,""))
B60: =IF(A60="","",IFERROR(INDEX(Sessions!$R$2:$R$16,MATCH(A60,Sessions!$A$2:$A$16,0)),"?")) | D60: =IF(C60="","",IFERROR(INDEX(Tasks!$B$2:$B$7,MATCH(C60,Tasks!$A$2:$A$7,0)),"?")) | H60: =IF(AND(ISNUMBER(F60),ISNUMBER(G60)),ROUND((G60-F60)*86400,0),"") | J60: =IF(ISNUMBER(I60),I60,IF(ISNUMBER(H60),H60,""))
B61: =IF(A61="","",IFERROR(INDEX(Sessions!$R$2:$R$16,MATCH(A61,Sessions!$A$2:$A$16,0)),"?")) | D61: =IF(C61="","",IFERROR(INDEX(Tasks!$B$2:$B$7,MATCH(C61,Tasks!$A$2:$A$7,0)),"?")) | H61: =IF(AND(ISNUMBER(F61),ISNUMBER(G61)),ROUND((G61-F61)*86400,0),"") | J61: =IF(ISNUMBER(I61),I61,IF(ISNUMBER(H61),H61,""))
... B200: =IF(A200="","",IFERROR(INDEX(Sessions!$R$2:$R$16,MATCH(A200,Sessions!$A$2:$A$16,0)),"?")) | D200: =IF(C200="","",IFERROR(INDEX(Tasks!$B$2:$B$7,MATCH(C200,Tasks!$A$2:$A$7,0)),"?")) | H200: =IF(AND(ISNUMBER(F200),ISNUMBER(G200)),ROUND((G200-F200)*86400,0),"") | J200: =IF(ISNUMBER(I200),I200,IF(ISNUMBER(H200),H200,""))

Sheet SUS
A1: Participant ID | B1: Q1 | C1: Q2 | D1: Q3 | E1: Q4 | F1: Q5 | G1: Q6 | H1: Q7 | I1: Q8 | J1: Q9 | K1: Q10 | L1: SUS score 0-100 (auto) | M1: All 10 answered? (auto) | N1: Notes
A2: P01 | L2: =IF(COUNT(B2:K2)=10,2.5*((B2-1)+(5-C2)+(D2-1)+(5-E2)+(F2-1)+(5-G2)+(H2-1)+(5-I2)+(J2-1)+(5-K2)),"") | M2: =IF(A2="","",IF(COUNT(B2:K2)=10,"Yes","No"))
A3: P02 | L3: =IF(COUNT(B3:K3)=10,2.5*((B3-1)+(5-C3)+(D3-1)+(5-E3)+(F3-1)+(5-G3)+(H3-1)+(5-I3)+(J3-1)+(5-K3)),"") | M3: =IF(A3="","",IF(COUNT(B3:K3)=10,"Yes","No"))
A4: P03 | L4: =IF(COUNT(B4:K4)=10,2.5*((B4-1)+(5-C4)+(D4-1)+(5-E4)+(F4-1)+(5-G4)+(H4-1)+(5-I4)+(J4-1)+(5-K4)),"") | M4: =IF(A4="","",IF(COUNT(B4:K4)=10,"Yes","No"))
A5: P04 | L5: =IF(COUNT(B5:K5)=10,2.5*((B5-1)+(5-C5)+(D5-1)+(5-E5)+(F5-1)+(5-G5)+(H5-1)+(5-I5)+(J5-1)+(5-K5)),"") | M5: =IF(A5="","",IF(COUNT(B5:K5)=10,"Yes","No"))
A6: P05 | L6: =IF(COUNT(B6:K6)=10,2.5*((B6-1)+(5-C6)+(D6-1)+(5-E6)+(F6-1)+(5-G6)+(H6-1)+(5-I6)+(J6-1)+(5-K6)),"") | M6: =IF(A6="","",IF(COUNT(B6:K6)=10,"Yes","No"))
A7: P06 | L7: =IF(COUNT(B7:K7)=10,2.5*((B7-1)+(5-C7)+(D7-1)+(5-E7)+(F7-1)+(5-G7)+(H7-1)+(5-I7)+(J7-1)+(5-K7)),"") | M7: =IF(A7="","",IF(COUNT(B7:K7)=10,"Yes","No"))
A8: P07 | L8: =IF(COUNT(B8:K8)=10,2.5*((B8-1)+(5-C8)+(D8-1)+(5-E8)+(F8-1)+(5-G8)+(H8-1)+(5-I8)+(J8-1)+(5-K8)),"") | M8: =IF(A8="","",IF(COUNT(B8:K8)=10,"Yes","No"))
A9: P08 | L9: =IF(COUNT(B9:K9)=10,2.5*((B9-1)+(5-C9)+(D9-1)+(5-E9)+(F9-1)+(5-G9)+(H9-1)+(5-I9)+(J9-1)+(5-K9)),"") | M9: =IF(A9="","",IF(COUNT(B9:K9)=10,"Yes","No"))
L10: =IF(COUNT(B10:K10)=10,2.5*((B10-1)+(5-C10)+(D10-1)+(5-E10)+(F10-1)+(5-G10)+(H10-1)+(5-I10)+(J10-1)+(5-K10)),"") | M10: =IF(A10="","",IF(COUNT(B10:K10)=10,"Yes","No"))
L11: =IF(COUNT(B11:K11)=10,2.5*((B11-1)+(5-C11)+(D11-1)+(5-E11)+(F11-1)+(5-G11)+(H11-1)+(5-I11)+(J11-1)+(5-K11)),"") | M11: =IF(A11="","",IF(COUNT(B11:K11)=10,"Yes","No"))
L12: =IF(COUNT(B12:K12)=10,2.5*((B12-1)+(5-C12)+(D12-1)+(5-E12)+(F12-1)+(5-G12)+(H12-1)+(5-I12)+(J12-1)+(5-K12)),"") | M12: =IF(A12="","",IF(COUNT(B12:K12)=10,"Yes","No"))
L13: =IF(COUNT(B13:K13)=10,2.5*((B13-1)+(5-C13)+(D13-1)+(5-E13)+(F13-1)+(5-G13)+(H13-1)+(5-I13)+(J13-1)+(5-K13)),"") | M13: =IF(A13="","",IF(COUNT(B13:K13)=10,"Yes","No"))
L14: =IF(COUNT(B14:K14)=10,2.5*((B14-1)+(5-C14)+(D14-1)+(5-E14)+(F14-1)+(5-G14)+(H14-1)+(5-I14)+(J14-1)+(5-K14)),"") | M14: =IF(A14="","",IF(COUNT(B14:K14)=10,"Yes","No"))
L15: =IF(COUNT(B15:K15)=10,2.5*((B15-1)+(5-C15)+(D15-1)+(5-E15)+(F15-1)+(5-G15)+(H15-1)+(5-I15)+(J15-1)+(5-K15)),"") | M15: =IF(A15="","",IF(COUNT(B15:K15)=10,"Yes","No"))
L16: =IF(COUNT(B16:K16)=10,2.5*((B16-1)+(5-C16)+(D16-1)+(5-E16)+(F16-1)+(5-G16)+(H16-1)+(5-I16)+(J16-1)+(5-K16)),"") | M16: =IF(A16="","",IF(COUNT(B16:K16)=10,"Yes","No"))
A19: Scoring (Brooke, 1996): odd items score-1, even items 5-score, sum the ten values, multiply by 2.5 (0-100). It is NOT a percentage and NOT the mean of the raw answers.
A21: Q1 | B21: I think that I would like to use this system frequently.
A22: Q2 | B22: I found the system unnecessarily complex.
A23: Q3 | B23: I thought the system was easy to use.
A24: Q4 | B24: I think that I would need the support of a technical person to be able to use this system.
A25: Q5 | B25: I found the various functions in this system were well integrated.
A26: Q6 | B26: I thought there was too much inconsistency in this system.
A27: Q7 | B27: I would imagine that most people would learn to use this system very quickly.
A28: Q8 | B28: I found the system very cumbersome to use.
A29: Q9 | B29: I felt very confident using the system.
A30: Q10 | B30: I needed to learn a lot of things before I could get going with this system.

Sheet Tasks
A1: Task ID | B1: Title | C1: Scenario given to participant (PDF Table 15, abridged) | D1: Success criterion (PDF Table 15) | E1: Reqs / issue
A2: T1 | B2: Sign in | C2: You are new to DonorLink. Sign in with the test account you were given. | D2: Reaches Home without help | E2: NFR08
A3: T2 | B3: Create emergency request | C3: Your uncle needs 2 units of O+ blood urgently at a hospital in Colombo. Ask for help using the app. | D3: Request submitted and listed as waiting for verification | E3: FR01, NFR01
A4: T3 | B4: Check status and response count | C4: Find out whether your request has been verified and how many donors have responded. | D4: States the correct status and response count | E4: FR03, FR07, UI-03
A5: T4 | B5: Set donor availability | C5: You can donate today until 6 pm. Make sure the app knows this. | D5: Availability set to available with an end time | E5: FR04, UI-01
A6: T5 | B6: Respond to an alert | C6: You received an alert asking for your blood group. Look at it and agree to donate. | D6: Opens the alert and accepts the right request | E6: FR05, FR06, UI-05
A7: T6 | B7: Find history | C7: Find your donation and request history. | D7: History opened and a past record identified | E7: FR10, UI-04
A9: Source: IT3060 Milestones 01-03 Final Report, Table 15. Full facilitator wording and observable criteria: task-scenarios.md and task-success-criteria.md.

Sheet Lists
A1: Outcomes | B1: Task IDs | C1: Environment | D1: Impact | E1: Reproducibility | F1: Status | G1: Prototype issue | H1: Source
A2: Completed unaided | B2: T1 | C2: Android physical device | D2: None | E2: Always | F2: Needs verification | G2: None | H2: Observed in participant session
A3: Completed with assistance | B3: T2 | C3: Android emulator | D3: Slowed participant | E3: Sometimes | F3: Confirmed | G3: UI-01 | H3: Automated test
A4: Abandoned | B4: T3 | C4: Expo web preview | D4: Caused errors | E4: Once only | F4: Fixed - awaiting re-test | G4: UI-02 | H4: Code inspection (not yet observed)
A5: Application-blocked | B5: T4 | C5: Other (note below) | D5: Required assistance | E5: Not reproduced | F5: Fixed - verified | G5: UI-03 | H5: Facilitator observation (no participant)
A6: Not attempted | B6: T5 | D6: Prevented completion | F6: Won't fix | G6: UI-04
B7: T6 | F7: Duplicate | G7: UI-05
